[
  {
    "maskFrame" : null,
    "children" : [
      {
        "maskFrame" : null,
        "id" : "A89CAEA0-46A4-4500-B9E8-F43F35F1958F",
        "visible" : true,
        "children" : [

        ],
        "image" : {
          "path" : "images\/Layer-notifBar-A89CAEA0-46A4-4500-B9E8-F43F35F1958F.png",
          "frame" : {
            "y" : 0,
            "x" : 1,
            "width" : 1440,
            "height" : 97
          }
        },
        "imageType" : "png",
        "layerFrame" : {
          "y" : 0,
          "x" : 1,
          "width" : 1440,
          "height" : 97
        },
        "name" : "notifBar"
      },
      {
        "maskFrame" : null,
        "id" : "0AB40994-AA86-4E29-8C13-352BDEDDD424",
        "visible" : true,
        "children" : [

        ],
        "image" : {
          "path" : "images\/Layer-bottomBar-0AB40994-AA86-4E29-8C13-352BDEDDD424.png",
          "frame" : {
            "y" : 2368,
            "x" : 0,
            "width" : 1440,
            "height" : 192
          }
        },
        "imageType" : "png",
        "layerFrame" : {
          "y" : 2368,
          "x" : 0,
          "width" : 1440,
          "height" : 192
        },
        "name" : "bottomBar"
      },
      {
        "maskFrame" : null,
        "id" : "F73880F3-0400-49DC-B567-321C287A0D0B",
        "visible" : true,
        "children" : [
          {
            "maskFrame" : null,
            "id" : "A2A9ADE0-C0D9-4E7F-B0EA-9CCF5DD2A268",
            "visible" : true,
            "children" : [

            ],
            "image" : {
              "path" : "images\/Layer-pencil-A2A9ADE0-C0D9-4E7F-B0EA-9CCF5DD2A268.png",
              "frame" : {
                "y" : 2099,
                "x" : 1204,
                "width" : 75,
                "height" : 75
              }
            },
            "imageType" : "png",
            "layerFrame" : {
              "y" : 2099,
              "x" : 1204,
              "width" : 75,
              "height" : 75
            },
            "name" : "pencil"
          }
        ],
        "image" : {
          "path" : "images\/Layer-fab-F73880F3-0400-49DC-B567-321C287A0D0B.png",
          "frame" : {
            "y" : 2020,
            "x" : 1123,
            "width" : 242,
            "height" : 242
          }
        },
        "imageType" : "png",
        "layerFrame" : {
          "y" : 2020,
          "x" : 1123,
          "width" : 242,
          "height" : 242
        },
        "name" : "fab"
      },
      {
        "maskFrame" : null,
        "children" : [
          {
            "maskFrame" : null,
            "id" : "AD26AF3E-AE84-405A-8DFA-B49D878FB68E",
            "visible" : true,
            "children" : [

            ],
            "image" : {
              "path" : "images\/Layer-plane-AD26AF3E-AE84-405A-8DFA-B49D878FB68E.png",
              "frame" : {
                "y" : 672,
                "x" : 609,
                "width" : 199,
                "height" : 168
              }
            },
            "imageType" : "png",
            "layerFrame" : {
              "y" : 672,
              "x" : 609,
              "width" : 199,
              "height" : 168
            },
            "name" : "plane"
          },
          {
            "maskFrame" : null,
            "id" : "C21076B0-A08B-49C0-8396-446AD29FA9D0",
            "visible" : true,
            "children" : [

            ],
            "image" : {
              "path" : "images\/Layer-bg-C21076B0-A08B-49C0-8396-446AD29FA9D0.png",
              "frame" : {
                "y" : 570,
                "x" : 539,
                "width" : 365,
                "height" : 365
              }
            },
            "imageType" : "png",
            "layerFrame" : {
              "y" : 570,
              "x" : 539,
              "width" : 365,
              "height" : 365
            },
            "name" : "bg"
          }
        ],
        "id" : "96B1E6CA-6F96-4F77-82DB-B738BE3424E2",
        "visible" : true,
        "imageType" : "png",
        "layerFrame" : {
          "y" : 570,
          "x" : 539,
          "width" : 365,
          "height" : 365
        },
        "name" : "logo"
      },
      {
        "maskFrame" : null,
        "id" : "6C2487E5-B283-48ED-9C2B-B5DC1971A247",
        "visible" : true,
        "children" : [

        ],
        "image" : {
          "path" : "images\/Layer-title-6C2487E5-B283-48ED-9C2B-B5DC1971A247.png",
          "frame" : {
            "y" : 1026,
            "x" : 397,
            "width" : 645,
            "height" : 64
          }
        },
        "imageType" : "png",
        "layerFrame" : {
          "y" : 1026,
          "x" : 397,
          "width" : 645,
          "height" : 64
        },
        "name" : "title"
      },
      {
        "maskFrame" : null,
        "id" : "E9171D2D-D0AD-4D01-92AC-ED2429F3E646",
        "visible" : true,
        "children" : [

        ],
        "image" : {
          "path" : "images\/Layer-navBar_bg-E9171D2D-D0AD-4D01-92AC-ED2429F3E646.png",
          "frame" : {
            "y" : -2,
            "x" : -4,
            "width" : 1448,
            "height" : 2568
          }
        },
        "imageType" : "png",
        "layerFrame" : {
          "y" : -2,
          "x" : -4,
          "width" : 1448,
          "height" : 2568
        },
        "name" : "navBar_bg"
      },
      {
        "maskFrame" : null,
        "children" : [
          {
            "maskFrame" : null,
            "id" : "A868E08C-B43A-4BA9-8179-53E837AB12F3",
            "visible" : true,
            "children" : [

            ],
            "image" : {
              "path" : "images\/Layer-convoCard8-A868E08C-B43A-4BA9-8179-53E837AB12F3.png",
              "frame" : {
                "y" : 2942,
                "x" : 37,
                "width" : 1373,
                "height" : 346
              }
            },
            "imageType" : "png",
            "layerFrame" : {
              "y" : 2942,
              "x" : 37,
              "width" : 1373,
              "height" : 346
            },
            "name" : "convoCard8"
          },
          {
            "maskFrame" : null,
            "id" : "DCB9CBE6-DBC6-4A4D-B6A6-9FCADDA35B3B",
            "visible" : true,
            "children" : [

            ],
            "image" : {
              "path" : "images\/Layer-convoCard7-DCB9CBE6-DBC6-4A4D-B6A6-9FCADDA35B3B.png",
              "frame" : {
                "y" : 2567,
                "x" : 37,
                "width" : 1373,
                "height" : 346
              }
            },
            "imageType" : "png",
            "layerFrame" : {
              "y" : 2567,
              "x" : 37,
              "width" : 1373,
              "height" : 346
            },
            "name" : "convoCard7"
          },
          {
            "maskFrame" : null,
            "id" : "D033504A-4BE2-45F8-BEA4-62F637168D86",
            "visible" : true,
            "children" : [

            ],
            "image" : {
              "path" : "images\/Layer-convoCard6-D033504A-4BE2-45F8-BEA4-62F637168D86.png",
              "frame" : {
                "y" : 2194,
                "x" : 37,
                "width" : 1373,
                "height" : 346
              }
            },
            "imageType" : "png",
            "layerFrame" : {
              "y" : 2194,
              "x" : 37,
              "width" : 1373,
              "height" : 346
            },
            "name" : "convoCard6"
          },
          {
            "maskFrame" : null,
            "id" : "BB782DBC-9B54-4372-863D-E28652FC26DE",
            "visible" : true,
            "children" : [

            ],
            "image" : {
              "path" : "images\/Layer-convoCard5-BB782DBC-9B54-4372-863D-E28652FC26DE.png",
              "frame" : {
                "y" : 1821,
                "x" : 37,
                "width" : 1373,
                "height" : 346
              }
            },
            "imageType" : "png",
            "layerFrame" : {
              "y" : 1821,
              "x" : 37,
              "width" : 1373,
              "height" : 346
            },
            "name" : "convoCard5"
          },
          {
            "maskFrame" : null,
            "id" : "AFFAC097-4964-4026-9B75-6A0CFBA6FE30",
            "visible" : true,
            "children" : [

            ],
            "image" : {
              "path" : "images\/Layer-convoCard4-AFFAC097-4964-4026-9B75-6A0CFBA6FE30.png",
              "frame" : {
                "y" : 1448,
                "x" : 37,
                "width" : 1373,
                "height" : 346
              }
            },
            "imageType" : "png",
            "layerFrame" : {
              "y" : 1448,
              "x" : 37,
              "width" : 1373,
              "height" : 346
            },
            "name" : "convoCard4"
          },
          {
            "maskFrame" : null,
            "id" : "3B6BB66B-7AD6-4BA0-A6D8-B9C33C6749FC",
            "visible" : true,
            "children" : [

            ],
            "image" : {
              "path" : "images\/Layer-convoCard3-3B6BB66B-7AD6-4BA0-A6D8-B9C33C6749FC.png",
              "frame" : {
                "y" : 1075,
                "x" : 37,
                "width" : 1373,
                "height" : 346
              }
            },
            "imageType" : "png",
            "layerFrame" : {
              "y" : 1075,
              "x" : 37,
              "width" : 1373,
              "height" : 346
            },
            "name" : "convoCard3"
          },
          {
            "maskFrame" : null,
            "id" : "7723E2FA-3AE8-4AE5-A668-4BCA616293C5",
            "visible" : true,
            "children" : [

            ],
            "image" : {
              "path" : "images\/Layer-convoCard2-7723E2FA-3AE8-4AE5-A668-4BCA616293C5.png",
              "frame" : {
                "y" : 702,
                "x" : 37,
                "width" : 1373,
                "height" : 346
              }
            },
            "imageType" : "png",
            "layerFrame" : {
              "y" : 702,
              "x" : 37,
              "width" : 1373,
              "height" : 346
            },
            "name" : "convoCard2"
          },
          {
            "maskFrame" : null,
            "id" : "0ACEB354-13E1-4854-A62E-3F04252BBDB8",
            "visible" : true,
            "children" : [

            ],
            "image" : {
              "path" : "images\/Layer-convoCard1-0ACEB354-13E1-4854-A62E-3F04252BBDB8.png",
              "frame" : {
                "y" : 329,
                "x" : 37,
                "width" : 1373,
                "height" : 346
              }
            },
            "imageType" : "png",
            "layerFrame" : {
              "y" : 329,
              "x" : 37,
              "width" : 1373,
              "height" : 346
            },
            "name" : "convoCard1"
          }
        ],
        "id" : "4D5C3029-2E53-48F1-967F-99528A4515C5",
        "visible" : true,
        "imageType" : "png",
        "layerFrame" : {
          "y" : 329,
          "x" : 37,
          "width" : 1373,
          "height" : 2959
        },
        "name" : "convoGroup"
      }
    ],
    "id" : "43DB0A90-9CBA-4461-8FFA-44664EBCF052",
    "visible" : true,
    "imageType" : "png",
    "layerFrame" : {
      "y" : -2,
      "x" : -4,
      "width" : 1448,
      "height" : 3290
    },
    "name" : "Telegram"
  }
]